team,games,sos,pts,opp_pts,mp,fg,fga,fg_pct,fg3,fg3a,ft,fta,orb,tov
Abilene Christian,34.0,-1.12,72.12,73.53,40.44,25.32,58.44,0.01,5.29,15.59,16.18,22.26,9.68,12.76
Air Force,31.0,1.43,66.16,72.35,40.32,23.45,51.74,0.01,8.81,24.42,10.45,15.32,7.26,12.0
Akron NCAA,35.0,-2.08,73.63,66.17,40.14,26.14,57.66,0.01,8.0,24.66,13.34,18.34,10.37,11.26
Alabama NCAA,37.0,11.80,90.14,81.24,40.27,30.7,64.46,0.01,11.16,29.95,17.57,22.76,12.76,11.84
Alabama A&M,35.0,-7.52,68.97,75.8,40.14,23.03,54.8,0.01,4.23,14.74,18.69,25.89,11.26,16.14
Alabama State,32.0,-6.87,68.59,69.41,40.72,24.12,65.22,0.01,6.97,24.78,13.38,18.5,14.16,11.28
Albany (NY),32.0,-5.22,78.66,78.78,40.16,28.69,64.34,0.01,7.81,23.66,13.47,18.56,11.38,13.28
Alcorn State,32.0,-5.61,71.88,77.41,40.16,25.56,57.84,0.01,5.19,15.38,15.56,21.84,11.25,11.56
American,32.0,-8.79,68.75,68.0,40.34,24.44,54.38,0.01,8.72,24.81,11.09,15.38,8.97,10.84
Appalachian State,34.0,-2.34,78.38,67.15,40.88,29.32,61.76,0.01,6.59,19.82,13.15,19.32,10.97,10.74
Arizona NCAA,36.0,9.45,87.14,72.06,40.69,31.22,64.47,0.01,7.89,21.56,16.81,23.44,13.08,11.94
Arizona State,32.0,9.55,69.03,74.0,40.16,24.72,59.41,0.01,6.72,22.38,12.88,19.66,8.41,10.47
Arkansas,33.0,8.15,77.76,79.79,40.61,26.03,57.52,0.01,6.03,18.94,19.67,26.03,8.52,11.97
Arkansas State,37.0,-1.53,78.84,77.03,40.14,27.59,62.51,0.01,9.22,26.78,14.43,20.57,13.22,11.19
Arkansas-Pine Bluff,31.0,-7.60,80.1,81.81,40.0,26.23,58.74,0.01,10.87,28.97,16.77,22.0,8.42,13.32
Army,32.0,-8.93,60.31,64.34,40.47,22.09,54.59,0.01,7.88,24.62,8.25,14.03,9.62,12.16
Auburn NCAA,35.0,7.66,83.11,68.31,40.0,28.86,60.6,0.01,8.0,22.71,17.4,23.2,11.23,10.69
Austin Peay,35.0,-4.85,74.83,73.17,40.71,26.89,60.14,0.01,7.91,21.94,13.14,18.63,10.8,8.8
Ball State,31.0,-5.93,73.55,70.97,40.48,24.81,55.68,0.01,7.48,20.68,16.45,21.45,9.48,12.06
Baylor NCAA,35.0,10.71,80.4,71.11,40.86,27.63,57.17,0.01,8.6,22.09,16.54,22.6,11.4,12.03
Bellarmine,31.0,-2.47,69.45,74.84,40.32,25.71,59.26,0.01,7.68,22.52,10.35,13.29,7.9,9.58
Belmont,33.0,1.44,77.88,75.55,40.15,27.94,58.76,0.01,9.12,24.58,12.88,17.82,7.18,12.18
Bethune-Cookman,34.0,-8.87,72.91,72.56,40.44,25.29,58.65,0.01,5.85,18.24,16.47,21.82,10.47,13.85
Binghamton,30.0,-5.21,72.1,72.23,40.33,26.7,57.93,0.02,5.47,17.87,13.23,19.83,10.43,12.2
Boise State NCAA,33.0,7.35,75.12,67.3,40.3,26.0,57.97,0.01,7.82,23.0,15.3,20.79,11.64,11.09
Boston College,36.0,7.25,74.08,71.86,40.28,27.28,59.86,0.01,8.31,22.94,11.22,14.97,9.39,10.44
Boston University,33.0,-8.49,66.45,66.61,40.45,23.27,56.24,0.01,7.7,23.12,12.21,17.03,9.36,11.64
Bowling Green State,34.0,-5.52,73.59,71.0,40.74,25.94,60.15,0.01,6.35,21.47,15.35,21.47,11.35,11.53
Bradley,35.0,2.96,74.06,67.09,40.43,26.94,57.11,0.01,8.74,23.86,11.43,15.71,9.26,12.09
Brigham Young NCAA,34.0,7.86,81.41,69.94,40.0,29.18,63.38,0.01,11.12,31.97,11.94,16.09,11.91,10.71
Brown,31.0,-1.73,71.35,71.84,40.68,25.23,58.65,0.01,8.19,24.03,12.71,19.45,11.84,12.42
Bryant,33.0,-3.54,78.73,75.39,40.3,28.91,63.24,0.01,8.27,24.42,12.64,18.88,7.85,11.91
Bucknell,33.0,-6.39,65.24,67.18,40.45,22.97,53.64,0.01,8.15,24.09,11.15,15.58,8.36,12.27
Buffalo,31.0,-2.82,68.0,79.71,40.16,24.84,59.03,0.01,6.68,24.06,11.65,16.26,10.42,14.52
Butler,33.0,9.49,77.09,73.7,40.91,27.94,61.7,0.01,8.36,23.58,12.85,16.24,9.33,10.94
Cal Poly,32.0,-2.28,63.66,74.09,40.47,22.47,55.56,0.01,6.19,18.69,12.53,17.78,8.84,12.66
Cal State Bakersfield,32.0,-2.17,68.72,69.19,40.47,25.22,58.16,0.01,4.69,14.88,13.59,18.81,11.94,12.16
Cal State Fullerton,32.0,-1.15,67.88,69.12,40.16,23.12,53.66,0.01,6.47,19.59,15.16,21.41,8.41,12.28
Cal State Northridge,34.0,-4.13,75.03,73.62,40.15,27.65,60.74,0.01,4.85,15.79,14.88,22.26,11.82,14.15
California,32.0,8.00,73.97,77.03,40.94,26.03,61.88,0.01,8.78,25.97,13.12,18.06,10.72,11.56
California Baptist,33.0,-2.26,67.33,66.58,40.3,23.09,56.27,0.01,6.67,20.42,14.48,21.21,12.03,11.88
Campbell,32.0,-5.66,71.0,72.09,40.47,25.19,54.38,0.01,7.25,21.03,13.38,18.44,7.69,11.97
Canisius,32.0,-4.89,70.38,72.09,40.31,26.28,59.69,0.01,7.25,21.56,10.56,16.91,12.0,13.5
Central Arkansas,32.0,-5.64,72.16,78.19,40.16,25.53,61.41,0.01,8.0,23.34,13.09,17.69,11.22,12.72
Central Connecticut State,31.0,-10.15,72.16,66.48,40.32,26.13,58.0,0.01,6.71,20.81,13.19,18.61,9.61,11.26
Central Michigan,32.0,-3.59,66.47,70.06,41.09,24.69,58.75,0.01,6.25,20.62,10.84,16.44,10.59,12.0
Charleston Southern,30.0,-1.59,67.6,73.67,40.0,23.83,57.57,0.01,6.93,20.97,13.0,17.67,10.03,12.2
Charlotte,31.0,2.42,68.74,65.61,40.32,24.13,53.39,0.01,6.48,20.48,14.0,18.58,8.39,9.71
Chattanooga,33.0,-3.85,78.21,71.58,40.45,27.03,58.03,0.01,10.58,29.42,13.58,18.21,9.24,11.91
Chicago State,32.0,-3.03,69.5,70.56,40.16,24.09,56.75,0.01,6.28,20.03,15.03,21.12,12.16,13.19
Cincinnati,37.0,8.49,74.73,68.16,40.54,27.65,62.43,0.01,7.57,22.95,11.86,17.24,13.3,12.03
Clemson NCAA,36.0,10.04,77.36,71.19,40.28,27.53,58.75,0.01,8.22,23.44,14.08,18.06,9.06,10.08
Cleveland State,36.0,-4.44,75.47,72.83,40.28,27.92,62.39,0.01,6.44,19.36,13.19,19.75,12.64,10.28
Coastal Carolina,31.0,-2.88,73.55,78.52,40.32,26.94,60.65,0.01,6.48,20.19,13.19,19.87,11.39,13.55
Colgate NCAA,35.0,-5.55,71.37,64.06,40.0,26.54,56.54,0.01,7.77,21.63,10.51,15.43,8.17,10.51
College of Charleston NCAA,35.0,-2.38,80.91,73.57,40.14,28.74,65.09,0.01,10.51,30.63,12.91,17.89,13.06,9.94
Colorado NCAA,37.0,8.36,79.32,71.73,40.41,28.35,57.32,0.01,6.86,17.54,15.76,20.11,9.95,12.62
Colorado State NCAA,36.0,7.28,75.19,67.28,40.28,27.22,56.22,0.01,7.33,21.69,13.42,17.83,7.86,10.44
Columbia,27.0,-3.72,76.96,72.44,40.0,27.74,59.15,0.02,8.56,22.81,12.93,17.67,9.81,12.22
Connecticut NCAA,40.0,8.70,81.4,63.4,40.0,29.43,59.17,0.01,8.5,23.77,14.05,18.9,11.72,9.57
Coppin State,29.0,-6.49,57.86,72.83,40.34,20.17,54.17,0.01,5.28,18.62,12.24,16.86,9.76,15.69
Cornell,30.0,-1.59,82.1,74.7,40.0,29.83,61.2,0.02,10.33,29.73,12.1,16.73,9.57,12.2
Creighton NCAA,35.0,9.53,80.43,69.89,41.0,29.03,60.03,0.01,10.71,29.09,11.66,14.8,8.4,10.63
Dartmouth,27.0,-1.31,61.85,71.85,40.0,22.0,53.59,0.02,7.07,23.19,10.78,15.63,7.41,12.74
Davidson,32.0,3.30,70.06,67.94,40.62,24.47,56.75,0.01,7.34,23.41,13.78,18.81,9.22,10.56
Dayton NCAA,33.0,5.73,74.18,66.45,40.15,25.18,53.09,0.01,9.39,23.55,14.42,19.48,8.03,10.39
Delaware,33.0,-4.30,73.21,69.67,40.15,27.0,58.09,0.01,6.88,20.55,12.33,17.45,9.21,10.79
Delaware State,34.0,-7.58,70.62,71.03,40.74,25.03,57.68,0.01,4.65,14.53,15.91,22.53,11.32,14.79
Denver,34.0,-4.82,81.03,80.5,40.74,27.82,61.85,0.01,8.65,24.85,16.74,22.91,10.24,10.0
DePaul,32.0,10.80,64.72,81.75,40.0,22.66,53.56,0.01,6.25,18.66,13.16,17.94,7.28,13.59
Detroit Mercy,32.0,-2.62,65.97,80.25,40.31,23.78,56.44,0.01,5.84,20.81,12.56,17.09,8.94,13.34
Drake NCAA,35.0,1.84,79.91,70.37,41.0,28.34,59.4,0.01,8.57,23.4,14.66,19.46,7.94,9.63
Drexel,32.0,-3.64,73.31,66.56,40.47,26.91,58.94,0.01,6.75,19.62,12.75,17.66,11.53,10.81
Duke NCAA,36.0,8.36,78.61,66.31,40.0,27.89,58.67,0.01,8.28,21.97,14.56,20.14,10.64,9.69
Duquesne NCAA,37.0,4.68,70.57,66.68,40.0,24.89,57.03,0.01,7.54,22.19,13.24,18.41,10.51,11.7
East Carolina,33.0,1.32,69.3,70.27,40.3,24.33,57.67,0.01,6.61,21.09,14.03,20.27,11.91,10.85
East Tennessee State,35.0,-2.74,71.49,69.57,40.14,24.74,60.89,0.01,7.77,25.03,14.23,20.86,13.89,12.37
East Texas A&M,33.0,-5.19,71.55,74.61,41.36,25.12,60.48,0.01,8.73,27.94,12.58,17.94,9.58,11.67
Eastern Illinois,32.0,-6.50,68.88,67.88,40.0,25.69,60.97,0.01,5.59,17.5,11.91,16.28,10.91,10.34
Eastern Kentucky,31.0,-4.49,80.77,76.48,40.16,29.58,64.29,0.01,7.84,21.87,13.77,20.26,13.23,11.48
Eastern Michigan,31.0,-5.07,66.03,72.65,40.48,25.26,58.87,0.01,5.74,18.87,9.77,14.65,10.35,11.65
Eastern Washington,32.0,-2.99,80.81,75.22,40.16,27.94,55.72,0.02,8.53,23.41,16.41,21.28,8.06,13.19
Elon,32.0,-5.46,73.09,75.41,40.0,25.75,57.75,0.01,8.59,24.41,13.0,18.38,10.34,11.84
Evansville,35.0,0.75,70.89,73.2,40.29,26.14,58.37,0.01,6.77,20.14,11.83,16.49,7.71,11.6
Fairfield,37.0,-6.53,75.51,70.97,40.0,26.78,60.03,0.01,9.24,25.49,12.7,16.76,9.95,10.65
FDU,32.0,-9.27,75.94,77.56,40.31,26.34,62.88,0.01,8.38,25.38,14.88,21.25,11.38,12.75
Florida NCAA,36.0,8.81,85.56,79.19,40.69,29.92,65.31,0.01,7.78,22.56,17.94,25.08,14.64,11.67
Florida A&M,29.0,-4.19,67.21,77.24,40.69,25.07,57.9,0.01,5.86,17.07,11.21,16.0,9.59,15.24
Florida Atlantic NCAA,34.0,4.61,82.03,73.38,40.88,29.18,61.0,0.01,8.35,23.82,15.32,21.29,11.65,11.41
Florida Gulf Coast,32.0,-3.94,70.41,71.12,40.16,25.84,56.78,0.01,7.81,22.0,10.91,15.69,9.88,11.34
Florida International,33.0,-2.17,73.61,76.52,40.15,26.73,61.18,0.01,8.61,25.45,11.55,17.24,10.42,13.67
Florida State,33.0,9.27,76.55,76.3,40.15,27.36,60.45,0.01,6.06,19.09,15.76,22.27,10.18,11.88
Fordham,33.0,1.48,70.45,72.39,40.76,24.18,60.39,0.01,8.03,25.48,14.06,21.24,13.03,12.91
Fresno State,33.0,3.50,67.67,73.91,40.61,24.61,54.36,0.01,6.94,20.91,11.52,16.82,7.88,12.58
Furman,33.0,-1.93,79.48,75.94,40.61,27.61,62.24,0.01,9.7,29.94,14.58,20.03,11.24,11.85
Gardner-Webb,33.0,-1.73,73.52,73.15,40.48,26.27,60.36,0.01,7.55,21.88,13.42,21.27,11.21,11.67
George Mason,32.0,1.85,71.03,65.91,40.0,24.72,53.75,0.01,6.81,19.91,14.78,19.91,10.09,11.81
George Washington,32.0,-0.06,76.78,77.25,41.09,26.28,59.41,0.01,8.97,24.88,15.25,20.44,9.16,12.41
Georgetown,32.0,7.72,70.84,77.88,40.31,24.22,58.34,0.01,8.28,23.94,14.12,19.78,12.19,12.19
Georgia,37.0,8.63,74.7,74.7,40.14,25.49,59.32,0.01,8.11,23.86,15.62,21.7,9.89,11.38
Georgia Southern,33.0,-2.53,73.33,79.24,40.45,25.67,59.73,0.01,9.36,26.61,12.64,17.27,10.52,13.21
Georgia State,31.0,-2.59,76.45,74.81,40.32,27.61,63.45,0.01,7.55,23.16,13.68,18.06,10.48,9.71
Georgia Tech,32.0,8.82,71.0,75.22,40.62,25.31,60.12,0.01,7.94,24.38,12.44,17.53,11.47,12.28
Gonzaga NCAA,35.0,4.02,84.54,69.14,40.0,32.0,61.77,0.01,6.94,19.26,13.6,18.86,10.83,9.77
Grambling NCAA,36.0,-5.48,67.67,69.61,40.5,23.89,54.31,0.01,5.14,15.19,14.75,20.83,9.61,13.14
Grand Canyon NCAA,35.0,-0.52,79.11,67.03,40.14,26.4,57.37,0.01,7.0,20.83,19.31,25.8,11.77,12.29
Green Bay,32.0,-4.07,69.03,68.97,40.31,24.38,54.44,0.01,8.91,26.25,11.38,15.75,8.84,12.0
Hampton,33.0,-5.29,71.79,76.36,40.0,25.85,60.94,0.01,7.3,23.0,12.79,17.91,11.27,12.45
Harvard,27.0,-2.08,70.37,71.74,40.37,24.63,56.15,0.02,7.41,22.07,13.7,19.52,9.26,12.15
Hawaii,34.0,-2.57,72.29,68.74,40.44,24.79,54.15,0.01,7.79,22.82,14.91,20.76,8.44,12.44
High Point,36.0,-4.83,83.89,74.44,40.69,27.75,60.08,0.01,8.33,24.42,20.06,25.78,13.22,11.08
Hofstra,33.0,-1.98,74.21,68.45,40.15,27.39,58.12,0.01,10.0,26.97,9.42,12.52,7.7,10.42
Holy Cross,33.0,-7.87,66.48,74.61,40.15,24.7,56.27,0.01,7.55,21.33,9.55,14.42,8.27,11.03
Houston NCAA,37.0,9.80,73.51,57.62,40.41,26.51,60.35,0.01,7.73,22.19,12.76,18.57,13.43,8.92
Houston Christian,29.0,-3.89,71.52,83.45,40.17,26.17,60.38,0.01,5.07,16.83,14.1,21.9,11.93,15.34
Howard NCAA,35.0,-8.02,74.94,74.29,40.57,24.8,55.2,0.01,8.03,21.63,17.31,23.06,11.29,15.46
Idaho,32.0,-4.69,67.81,71.19,40.16,24.53,55.56,0.01,7.59,22.69,11.16,15.22,7.94,11.47
Idaho State,34.0,-5.11,70.5,70.09,40.74,25.74,55.94,0.01,6.41,19.5,12.62,18.38,9.91,10.94
Illinois NCAA,38.0,9.54,83.37,73.34,40.26,29.05,62.0,0.01,8.34,23.89,16.92,23.0,12.79,10.55
Illinois State,32.0,0.43,66.5,67.66,40.0,23.22,54.75,0.01,6.06,20.78,14.0,19.69,10.09,11.25
Illinois-Chicago,33.0,1.30,70.27,71.55,40.76,25.58,58.39,0.01,8.7,23.94,10.42,15.15,8.21,12.36
Incarnate Word,31.0,-7.92,72.26,78.58,40.32,24.77,57.9,0.01,7.61,22.97,15.1,20.77,10.74,15.97
Indiana,33.0,9.74,72.3,74.3,40.0,26.64,56.0,0.01,5.03,15.55,14.0,21.09,8.88,12.12
Indiana State,39.0,2.26,84.85,73.18,40.13,29.26,57.9,0.01,10.95,28.69,15.38,19.33,7.15,11.59
Iona,33.0,-5.95,71.33,70.58,40.0,25.97,60.12,0.01,8.21,23.27,11.18,17.15,10.45,10.18
Iowa,34.0,9.26,83.15,79.41,40.15,30.15,63.35,0.01,6.65,18.94,16.21,20.94,9.79,9.62
Iowa State NCAA,37.0,8.51,75.32,61.54,40.0,27.08,58.49,0.01,6.65,18.57,14.51,20.68,10.62,10.46
IU Indy,32.0,-4.62,65.88,79.81,40.16,24.22,55.25,0.01,3.44,13.88,14.0,19.03,9.88,14.62
Jackson State,32.0,-7.15,71.22,75.56,40.16,24.97,60.09,0.01,6.59,20.31,14.69,20.88,13.03,13.38
Jacksonville,33.0,-4.87,71.85,72.39,40.15,25.3,58.12,0.01,6.48,19.7,14.7,20.85,12.48,13.06
Jacksonville State,32.0,-3.14,70.0,66.44,40.16,25.09,55.56,0.01,5.31,15.84,14.5,20.66,11.56,13.53
James Madison NCAA,36.0,-3.75,83.19,69.61,40.42,29.81,62.61,0.01,8.53,23.67,15.06,21.42,11.53,10.89
Kansas NCAA,34.0,11.32,75.56,69.88,40.15,28.24,57.85,0.01,5.74,17.26,13.35,18.53,8.24,11.68
Kansas City,32.0,-4.50,71.88,69.28,40.62,25.41,59.47,0.01,8.41,25.34,12.66,17.75,11.47,12.03
Kansas State,34.0,9.97,72.18,71.09,41.03,24.62,56.44,0.01,7.38,23.24,15.56,21.62,11.12,14.79
Kennesaw State,31.0,-5.84,82.84,80.77,40.32,29.29,65.65,0.01,9.42,28.65,14.84,22.0,12.26,12.06
Kent State,34.0,-2.54,74.82,71.29,40.74,26.18,59.29,0.01,8.29,23.18,14.18,19.0,11.09,11.85
Kentucky NCAA,33.0,7.46,89.03,79.7,40.45,31.97,64.61,0.01,9.91,24.24,15.18,19.67,10.06,10.67
La Salle,33.0,0.85,72.67,73.06,40.61,26.58,61.85,0.01,8.52,24.58,11.0,15.21,10.18,9.58
Lafayette,32.0,-6.01,62.81,67.31,40.62,23.25,56.97,0.01,7.09,22.75,9.22,13.69,8.72,11.62
Lamar,33.0,-8.28,77.82,72.91,40.61,27.64,61.36,0.01,7.52,21.73,15.03,20.58,12.48,12.91
Le Moyne,32.0,-9.55,72.44,70.16,40.16,25.72,59.56,0.01,9.84,28.44,11.16,14.66,8.44,11.47
Lehigh,32.0,-6.60,72.69,71.0,40.94,25.91,58.97,0.01,7.19,22.31,13.69,18.62,8.22,12.06
Liberty,32.0,-1.56,73.81,65.5,40.31,26.97,57.75,0.01,10.12,27.5,9.75,14.75,8.72,10.44
Lindenwood,31.0,-7.23,65.13,73.1,40.16,22.45,55.68,0.01,4.81,17.0,15.42,21.06,8.77,12.03
Lipscomb,32.0,-5.04,82.06,76.5,40.0,30.0,60.81,0.02,9.28,24.41,12.78,16.66,7.62,10.03
Little Rock,34.0,-8.24,77.29,72.47,40.29,28.15,59.53,0.01,6.38,18.5,14.62,19.53,10.85,12.26
Long Beach State NCAA,36.0,-1.19,77.39,75.97,40.28,27.58,62.19,0.01,5.39,17.69,16.83,23.75,12.5,12.64
Long Island University,29.0,-7.58,66.52,76.79,40.34,24.34,58.31,0.01,5.41,17.45,12.41,18.34,9.38,14.55
Longwood NCAA,35.0,-4.76,74.71,68.46,40.57,26.6,58.66,0.01,5.74,16.86,15.77,22.97,13.43,12.69
Louisiana,33.0,-2.67,75.88,71.67,40.0,27.85,61.36,0.01,7.61,22.52,12.58,17.24,11.24,11.76
Louisiana State,33.0,6.75,76.36,74.97,40.15,26.3,57.79,0.01,7.76,21.73,16.0,22.12,10.45,13.15
Louisiana Tech,32.0,-1.69,74.75,64.53,40.31,25.72,56.31,0.01,7.16,19.78,16.16,23.06,11.75,12.44
Louisiana-Monroe,30.0,-2.44,69.87,74.43,40.17,25.03,59.6,0.01,5.07,17.1,14.73,22.17,13.2,12.47
Louisville,32.0,7.51,72.0,79.06,40.16,24.97,57.28,0.01,5.47,17.84,16.59,22.25,9.94,12.81
Loyola (IL),33.0,2.42,73.09,67.52,40.3,25.91,57.58,0.01,8.3,23.48,12.97,19.06,9.61,12.82
Loyola (MD),32.0,-6.94,64.03,71.91,40.47,23.03,55.22,0.01,7.19,21.41,10.78,16.75,10.25,13.62
Loyola Marymount,31.0,0.31,72.39,71.42,40.0,25.87,57.77,0.01,8.42,22.9,12.23,16.74,9.9,10.74
Maine,32.0,-4.87,67.62,67.47,40.31,25.03,57.22,0.01,5.41,18.34,12.16,16.91,7.97,11.41
Manhattan,30.0,-4.86,66.17,75.83,40.5,24.67,59.73,0.01,7.3,23.17,9.53,13.2,9.17,13.4
Marist,31.0,-8.09,64.65,62.19,40.0,23.42,52.84,0.01,6.84,19.23,10.97,15.74,7.16,12.19
Marquette NCAA,37.0,11.02,78.05,69.81,40.14,29.14,60.97,0.01,8.84,25.08,10.95,15.57,8.7,9.97
Marshall,33.0,-1.39,73.79,76.7,40.0,26.18,64.15,0.01,8.18,26.36,13.24,18.64,12.3,11.91
Maryland,33.0,7.44,69.03,65.88,40.45,23.21,56.18,0.01,6.09,21.09,16.52,22.94,11.52,11.73
Maryland-Baltimore County,32.0,-5.93,78.66,80.72,40.16,29.84,64.03,0.01,7.97,22.31,11.0,15.75,9.5,13.06
Maryland-Eastern Shore,29.0,-6.33,65.17,70.55,40.52,23.03,57.38,0.01,5.79,19.66,13.31,18.62,10.86,13.76
Massachusetts,31.0,0.88,77.45,70.74,40.16,27.68,61.42,0.01,6.74,21.55,15.35,21.97,13.42,11.13
Massachusetts-Lowell,32.0,-6.07,80.03,70.66,40.31,28.53,60.12,0.01,5.81,17.69,17.16,23.31,11.47,13.28
McNeese State NCAA,34.0,-6.81,79.97,62.24,40.0,28.62,58.74,0.01,7.56,19.74,15.18,21.91,11.24,9.68
Memphis,32.0,4.25,80.5,75.75,40.31,28.03,61.0,0.01,8.31,23.72,16.06,22.16,11.97,13.09
Mercer,33.0,-2.55,71.15,71.85,40.0,26.67,59.42,0.01,6.36,18.42,11.45,17.12,11.15,11.12
Merrimack,33.0,-8.43,69.18,65.42,40.3,24.09,54.97,0.01,7.3,23.61,13.7,18.79,7.88,13.21
Miami (FL),32.0,7.46,75.75,73.62,40.16,27.78,61.25,0.01,8.94,24.75,11.25,15.09,10.12,12.06
Miami (OH),32.0,-4.08,70.59,70.03,40.16,24.94,56.31,0.01,8.09,22.41,12.62,17.88,8.03,11.72
Michigan,32.0,11.34,72.94,79.0,40.47,25.91,58.41,0.01,7.97,22.19,13.16,18.72,10.62,12.94
Michigan State NCAA,35.0,10.89,72.89,66.06,40.14,27.11,58.8,0.01,6.49,17.89,12.17,17.2,10.09,10.0
Middle Tennessee,33.0,-0.52,65.67,70.27,40.76,22.45,55.85,0.01,7.3,23.45,13.45,19.12,10.42,14.0
Milwaukee,35.0,-4.47,79.49,78.66,40.71,28.0,62.8,0.01,7.91,24.6,15.57,21.43,13.51,12.54
Minnesota,34.0,6.40,75.0,71.88,40.15,26.76,56.76,0.01,7.88,22.18,13.59,19.71,10.09,12.0
Mississippi,32.0,7.27,74.94,73.91,40.0,26.22,58.62,0.01,7.53,20.62,14.97,20.56,10.41,10.75
Mississippi State NCAA,35.0,9.16,74.09,69.06,40.14,26.2,57.91,0.01,7.17,22.31,14.51,21.66,12.46,13.0
Mississippi Valley State,31.0,-3.91,55.45,77.71,40.16,19.77,51.97,0.01,4.61,15.77,11.29,17.16,9.61,15.97
Missouri,32.0,7.30,72.16,76.19,40.16,25.22,57.44,0.01,7.28,22.81,14.44,18.22,9.16,11.56
Missouri State,33.0,1.01,71.24,71.27,40.61,25.7,58.52,0.01,6.76,21.55,13.09,18.42,10.15,12.03
Monmouth,33.0,-2.98,72.42,72.61,40.03,26.06,60.55,0.01,7.64,22.0,12.67,17.73,11.21,10.45
Montana,36.0,-4.11,76.89,71.83,40.28,27.97,57.64,0.01,7.69,21.5,13.25,16.72,8.31,10.31
Montana State NCAA,35.0,-4.46,75.29,74.46,40.57,26.89,57.49,0.01,9.11,24.66,12.4,17.03,6.77,11.66
Morehead State NCAA,35.0,-5.52,75.29,63.43,40.0,26.97,57.74,0.01,9.4,26.06,11.94,16.91,11.63,11.8
Morgan State,31.0,-5.90,72.68,77.48,40.32,27.1,60.06,0.01,4.77,16.29,13.71,18.1,10.9,14.55
Mount St. Mary's,32.0,-7.45,72.72,71.81,40.47,27.38,57.88,0.01,6.78,19.22,11.19,15.44,9.75,14.53
Murray State,32.0,1.59,69.75,69.91,40.16,25.66,57.53,0.01,6.53,20.34,11.91,17.09,9.34,9.5
Navy,31.0,-9.54,66.45,66.68,40.32,23.1,58.35,0.01,5.84,19.45,14.42,20.35,12.45,10.23
NC State NCAA,41.0,8.93,75.63,71.76,40.49,27.24,60.56,0.01,6.95,20.17,14.2,19.37,10.12,9.56
Nebraska NCAA,34.0,7.53,77.74,70.91,40.44,26.82,59.32,0.01,9.38,26.26,14.71,19.35,9.59,11.09
Nevada NCAA,34.0,4.58,75.94,66.94,40.15,25.91,54.71,0.01,6.68,18.38,17.44,24.24,8.88,10.06
Nevada-Las Vegas,34.0,6.25,73.56,68.85,40.59,26.65,57.62,0.01,6.79,20.15,13.47,18.62,10.29,11.06
New Hampshire,31.0,-3.61,74.13,74.1,40.16,25.84,62.39,0.01,8.87,27.35,13.58,18.23,9.19,12.0
New Mexico NCAA,36.0,5.38,81.0,70.69,40.0,29.64,65.08,0.01,6.47,19.75,15.25,21.56,12.83,10.03
New Mexico State,32.0,0.74,67.69,72.44,40.47,24.09,56.94,0.01,6.44,19.56,13.06,19.28,8.94,11.94
New Orleans,33.0,-5.90,73.55,79.45,40.18,25.64,61.3,0.01,5.42,17.85,16.85,23.39,11.42,12.33
Niagara,32.0,-7.21,72.47,72.09,40.47,25.69,54.66,0.01,6.22,17.19,14.88,19.78,7.34,11.81
Nicholls State,34.0,-5.37,73.88,73.94,41.32,24.97,56.15,0.01,8.35,22.88,15.59,21.5,9.56,13.24
NJIT,28.0,-4.46,67.93,75.04,40.0,23.68,60.04,0.01,7.18,23.79,13.39,18.89,11.46,11.11
Norfolk State,35.0,-7.76,74.51,67.54,40.14,25.94,56.51,0.01,6.37,18.74,16.26,22.51,10.97,12.14
North Alabama,32.0,-5.00,76.47,76.09,40.81,26.78,60.34,0.01,7.69,21.22,15.22,19.81,9.91,10.12
North Carolina NCAA,37.0,9.90,81.95,70.49,40.14,28.27,62.78,0.01,8.14,22.68,17.27,22.76,12.22,10.08
North Carolina A&T,32.0,-3.94,65.56,77.94,40.0,22.69,58.53,0.01,6.0,20.91,14.19,19.91,9.38,9.38
North Carolina Central,31.0,-8.84,76.61,69.0,40.32,26.55,58.45,0.01,7.52,21.97,16.0,23.03,11.26,12.0
North Dakota,32.0,-6.10,75.25,71.88,40.16,26.81,60.44,0.01,8.25,25.28,13.38,18.75,11.44,10.12
North Dakota State,32.0,-3.15,74.62,73.94,41.09,27.28,57.31,0.01,7.88,20.84,12.19,16.97,8.47,11.09
North Florida,32.0,-4.84,78.0,75.84,40.47,26.53,59.91,0.01,11.97,33.22,12.97,16.94,8.88,11.31
North Texas,34.0,4.28,69.21,63.79,40.29,24.29,56.09,0.01,8.35,22.15,12.26,16.65,11.47,11.12
Northeastern,32.0,-3.15,69.41,72.34,40.0,25.31,55.62,0.01,6.38,20.06,12.41,16.59,10.19,12.44
Northern Arizona,33.0,-4.17,68.64,76.64,40.3,25.0,57.06,0.01,6.27,20.09,12.36,17.76,8.3,12.61
Northern Colorado,33.0,-5.25,79.3,77.03,41.21,29.36,60.52,0.01,7.7,22.12,12.88,17.67,8.18,11.15
Northern Illinois,31.0,-1.37,73.19,77.39,40.48,25.81,58.13,0.01,7.32,22.45,14.26,21.23,10.32,12.71
Northern Iowa,33.0,2.86,73.24,71.09,40.3,25.55,56.03,0.01,7.21,20.91,14.94,21.12,8.03,10.3
Northern Kentucky,33.0,-3.73,74.85,73.21,40.61,26.73,58.64,0.01,6.33,19.88,15.06,20.94,10.52,12.33
Northwestern NCAA,34.0,8.50,73.32,69.06,40.74,26.24,57.65,0.01,8.18,20.97,12.68,16.85,8.53,8.82
Northwestern State,32.0,-6.32,70.53,75.91,40.62,25.25,58.5,0.01,6.38,20.09,13.66,20.72,11.41,13.28
Notre Dame,33.0,8.06,64.03,67.15,40.45,22.48,55.27,0.01,7.61,23.94,11.45,15.39,9.82,12.52
Oakland NCAA,36.0,-1.24,76.42,73.17,40.69,26.83,60.17,0.01,8.83,24.86,13.92,18.53,10.64,11.0
Ohio,33.0,-4.58,77.3,69.97,40.45,27.3,60.21,0.01,8.91,25.06,13.79,18.88,10.09,9.73
Ohio State,36.0,8.37,75.5,70.22,40.44,26.58,59.06,0.01,7.06,20.44,15.28,19.92,10.94,10.58
Oklahoma,32.0,8.07,75.38,68.78,40.31,26.09,56.16,0.01,7.47,21.62,15.72,21.16,9.69,12.47
Oklahoma State,32.0,7.97,71.0,72.72,40.47,24.78,56.22,0.01,8.12,24.31,13.31,19.09,9.19,12.91
Old Dominion,32.0,-1.58,70.88,77.0,40.31,26.28,62.53,0.01,6.91,21.69,11.41,17.22,10.0,10.91
Omaha,33.0,-5.07,73.97,72.85,40.3,25.61,56.76,0.01,6.24,19.12,16.52,22.24,8.55,9.88
Oral Roberts,31.0,-2.60,73.39,75.29,40.32,26.19,59.55,0.01,9.19,25.48,11.81,15.9,7.58,9.68
Oregon NCAA,36.0,8.91,75.58,72.28,40.36,27.28,59.58,0.01,7.31,21.61,13.72,19.08,9.92,10.17
Oregon State,32.0,8.38,68.88,72.69,40.94,24.12,54.53,0.01,6.12,18.66,14.5,19.69,8.59,12.34
Pacific,32.0,-0.15,64.72,79.78,40.31,22.66,55.06,0.01,6.34,20.09,13.06,20.31,6.53,11.78
Penn State,33.0,7.52,75.09,73.39,40.3,25.88,59.12,0.01,7.73,23.15,15.61,20.88,9.58,11.09
Pennsylvania,29.0,0.26,74.45,74.38,40.69,26.93,59.34,0.02,9.48,25.86,11.1,16.14,10.45,11.14
Pepperdine,33.0,0.70,72.82,74.03,40.0,26.3,58.3,0.01,6.82,18.91,13.39,19.03,10.12,11.21
Pittsburgh,33.0,6.92,75.61,67.64,40.0,26.45,60.58,0.01,9.61,26.88,13.09,18.48,11.39,9.0
Portland,33.0,1.54,71.52,79.45,40.15,25.03,57.3,0.01,8.85,25.52,12.61,17.61,8.36,11.94
Portland State,32.0,-4.94,71.94,71.84,40.28,25.28,60.91,0.01,7.41,22.81,13.97,20.38,11.72,11.28
Prairie View,31.0,-6.92,70.19,76.39,40.0,24.84,59.06,0.01,4.81,15.77,15.71,21.77,9.77,12.77
Presbyterian,33.0,-5.57,74.82,73.12,40.3,27.18,57.61,0.01,6.36,19.06,14.09,21.24,9.45,11.42
Princeton,29.0,-1.60,77.07,66.62,40.0,26.79,58.45,0.02,10.48,29.45,13.0,16.14,8.41,8.17
Providence,35.0,8.93,72.4,68.77,40.43,25.46,57.46,0.01,8.29,25.46,13.2,18.29,9.17,12.11
Purdue NCAA,39.0,11.60,82.33,69.0,40.38,28.44,58.26,0.01,8.15,20.21,17.31,24.05,12.21,11.33
Purdue Fort Wayne,36.0,-6.09,80.17,71.58,40.28,28.97,61.97,0.01,9.44,26.17,12.78,18.17,8.39,10.42
Queens (NC),33.0,-3.49,80.09,81.61,40.0,28.12,63.48,0.01,8.91,26.18,14.94,21.03,11.27,11.42
Quinnipiac,34.0,-7.32,77.35,71.24,40.15,27.59,61.44,0.01,7.47,21.26,14.71,18.97,10.85,12.44
Radford,33.0,-3.47,72.03,71.55,40.45,26.39,57.79,0.01,7.21,19.85,12.03,16.27,10.27,10.82
Rhode Island,32.0,2.87,72.56,76.34,40.0,25.81,56.25,0.01,6.53,18.72,14.41,22.28,10.38,12.59
Rice,32.0,1.97,72.0,75.66,40.47,26.03,58.75,0.01,7.84,23.25,12.09,17.41,10.31,11.62
Richmond,33.0,2.09,71.88,66.3,40.15,26.48,57.24,0.01,7.33,20.24,11.58,15.82,5.7,8.64
Rider,32.0,-4.28,72.16,72.12,40.47,26.12,60.03,0.01,5.69,16.88,14.22,19.0,11.31,12.44
Robert Morris,32.0,-4.31,72.69,75.78,40.62,26.03,60.22,0.01,8.53,25.38,12.09,16.88,12.22,13.84
Rutgers,32.0,8.57,65.38,66.53,40.16,23.44,60.22,0.01,5.47,19.06,13.03,19.81,12.25,11.41
Sacramento State,34.0,-3.71,67.12,70.41,40.0,23.47,54.56,0.01,7.59,22.94,12.59,17.59,11.74,14.56
Sacred Heart,32.0,-9.45,74.12,72.28,40.0,27.0,59.31,0.01,7.41,20.31,12.72,18.31,9.38,11.66
Saint Francis (PA),30.0,-8.14,65.17,72.7,40.17,23.77,56.07,0.01,6.43,19.2,11.2,18.37,11.9,13.73
Saint Joseph's,35.0,1.67,75.46,70.54,40.29,26.51,59.54,0.01,10.03,28.46,12.4,17.09,10.09,11.46
Saint Louis,33.0,4.15,74.94,79.39,40.0,25.61,56.76,0.01,7.85,21.36,15.88,21.18,8.7,11.76
Saint Mary's (CA) NCAA,34.0,3.46,74.0,59.21,40.29,27.53,59.03,0.01,7.59,21.56,11.35,16.79,13.18,10.21
Saint Peter's NCAA,33.0,-5.33,64.85,64.03,40.15,21.82,55.45,0.01,5.82,17.88,15.39,21.61,12.45,12.55
Sam Houston,33.0,-1.72,72.15,69.15,40.3,25.09,59.03,0.01,7.42,21.12,14.55,20.09,11.91,13.18
Samford NCAA,35.0,-3.23,86.06,74.49,40.0,30.11,61.49,0.01,10.03,25.4,15.8,21.86,10.6,13.0
San Diego,33.0,0.33,72.48,77.27,40.0,25.73,59.94,0.01,7.06,20.52,13.97,19.18,10.03,13.24
San Diego State NCAA,37.0,8.37,74.11,66.68,40.68,25.78,58.57,0.01,7.0,22.22,15.54,21.19,11.68,11.16
San Francisco,34.0,0.23,77.74,66.53,40.29,29.26,60.12,0.01,8.62,24.26,10.59,14.03,9.41,11.53
San Jose State,32.0,3.28,69.62,75.09,40.31,26.0,58.0,0.01,8.34,24.31,9.28,13.22,7.88,10.5
Santa Clara,33.0,1.73,76.91,72.24,40.15,27.64,60.12,0.01,8.21,23.21,13.42,18.79,12.03,12.79
Seattle,37.0,-1.64,73.78,66.78,40.81,25.84,57.92,0.01,7.59,21.92,14.51,19.73,10.08,12.7
Seton Hall,37.0,8.80,73.78,69.92,40.54,26.68,59.03,0.01,6.19,18.41,14.24,18.22,12.03,12.59
Siena,32.0,-5.20,60.44,74.44,40.0,21.94,54.94,0.01,5.28,18.84,11.28,16.91,11.72,15.78
South Alabama,32.0,-3.37,73.97,75.66,40.62,26.09,58.94,0.01,7.47,21.62,14.31,19.09,7.94,11.31
South Carolina NCAA,34.0,6.48,72.06,67.56,40.29,25.44,57.94,0.01,8.06,23.79,13.12,18.44,11.38,10.12
South Carolina State,32.0,-6.18,70.16,74.69,40.31,24.5,59.81,0.01,6.25,19.38,14.91,21.62,14.91,15.22
South Carolina Upstate,30.0,-3.02,71.0,72.93,40.5,26.0,58.43,0.01,7.67,23.03,11.33,17.67,8.73,11.53
South Dakota,32.0,-5.41,76.06,79.22,40.62,27.34,59.88,0.01,7.84,20.91,13.53,18.22,10.44,12.84
South Dakota State NCAA,35.0,-2.70,76.43,71.14,40.29,27.91,57.97,0.01,8.57,23.51,12.03,16.94,8.26,11.29
South Florida,33.0,0.97,75.73,69.33,40.0,25.36,57.58,0.01,8.94,24.36,16.06,21.79,9.94,10.79
Southeast Missouri State,31.0,-6.55,67.03,73.48,40.16,24.65,59.61,0.01,6.19,20.35,11.55,16.52,9.0,11.97
Southeastern Louisiana,32.0,-6.14,69.03,70.97,40.31,23.88,55.28,0.01,7.34,21.16,13.94,19.16,10.72,13.81
Southern,32.0,-6.09,71.09,68.69,40.31,25.22,57.16,0.01,6.91,21.38,13.75,20.41,9.75,14.25
Southern California,33.0,9.54,74.12,74.3,40.61,26.42,58.55,0.01,7.64,21.48,13.64,19.67,10.03,12.67
Southern Illinois,32.0,0.52,72.66,68.22,40.62,24.72,54.56,0.01,8.25,23.78,14.97,19.66,8.44,11.12
SIU Edwardsville,33.0,-7.54,71.52,70.12,40.0,25.21,59.55,0.01,7.24,21.82,13.85,19.12,11.36,10.67
Southern Indiana,32.0,-5.59,68.59,72.97,40.16,23.03,56.59,0.01,6.72,20.75,15.81,21.22,9.97,13.22
Southern Methodist,33.0,2.56,76.82,68.82,40.15,28.3,63.3,0.01,7.61,22.27,12.61,18.36,14.55,11.27
Southern Mississippi,32.0,-2.93,69.88,71.03,40.0,24.22,57.06,0.01,6.28,19.19,15.16,21.66,10.72,12.84
Southern Utah,31.0,-1.17,75.03,77.61,40.16,26.45,60.03,0.01,6.29,20.94,15.84,21.74,10.39,12.03
St. Bonaventure,33.0,1.95,73.45,68.64,40.45,25.85,56.73,0.01,7.61,20.82,14.15,18.27,9.7,10.85
St. John's (NY),33.0,9.58,78.85,71.94,40.0,29.39,64.82,0.01,7.18,21.09,12.88,17.7,14.42,10.91
St. Thomas,33.0,-5.72,72.79,64.85,40.15,26.03,55.27,0.01,9.06,25.12,11.67,16.0,7.73,9.18
Stanford,32.0,7.48,76.34,76.47,40.62,27.56,58.94,0.01,8.94,24.19,12.28,16.88,7.75,12.81
Stephen F. Austin,33.0,-1.76,74.64,71.3,40.76,25.73,57.27,0.01,6.15,18.39,17.03,24.12,11.91,16.06
Stetson NCAA,35.0,-3.24,76.77,73.31,40.14,27.14,58.66,0.01,8.94,24.49,13.54,17.69,9.69,10.54
Stonehill,31.0,-6.10,63.45,76.13,40.16,23.03,57.68,0.01,8.16,26.9,9.23,13.39,8.29,13.58
Stony Brook,35.0,-2.62,73.51,72.31,40.86,26.31,60.03,0.01,7.91,22.14,12.97,17.54,9.6,10.26
Syracuse,32.0,9.40,76.31,75.62,40.0,27.59,59.84,0.01,6.84,20.34,14.28,19.81,8.66,11.38
Tarleton State,35.0,-0.97,74.09,68.63,40.14,27.17,59.74,0.01,5.8,17.8,13.94,18.43,10.83,11.29
TCU NCAA,34.0,7.32,79.03,71.74,40.59,28.35,61.44,0.01,6.59,18.59,15.74,21.53,12.74,12.88
Temple,36.0,1.68,70.86,72.89,40.83,24.33,61.5,0.01,8.22,25.86,13.97,19.69,11.28,9.92
Tennessee NCAA,36.0,10.42,78.78,67.39,40.0,27.19,61.75,0.01,8.75,25.42,15.64,20.83,11.64,10.19
Tennessee State,33.0,-7.64,72.73,71.0,40.15,25.21,57.0,0.01,6.58,20.21,15.73,20.82,9.91,13.21
Tennessee Tech,31.0,-6.29,67.39,73.84,40.32,24.45,54.58,0.01,6.52,19.61,11.97,16.84,6.16,11.9
Tennessee-Martin,32.0,-7.25,81.53,76.72,40.31,28.38,63.91,0.01,8.72,24.34,16.06,20.84,10.16,11.44
Texas NCAA,34.0,9.41,75.38,68.88,40.15,27.41,58.47,0.01,7.21,20.32,13.35,17.65,9.97,11.56
Texas A&M NCAA,36.0,9.32,76.0,71.97,40.28,25.72,64.0,0.01,7.08,24.14,17.47,24.72,17.42,9.61
Texas A&M-Corpus Christi,33.0,-7.24,75.15,66.67,40.45,26.94,62.0,0.01,5.55,18.67,15.73,22.36,13.27,12.12
Texas Southern,33.0,-7.03,70.18,71.09,40.15,24.88,60.0,0.01,7.33,23.21,13.09,18.09,11.06,12.58
Texas State,35.0,-0.74,69.86,70.06,40.29,25.23,56.8,0.01,4.54,13.94,14.86,21.34,11.09,13.43
Texas Tech NCAA,34.0,9.28,75.32,69.65,40.15,25.79,57.15,0.01,8.5,23.65,15.24,19.53,9.94,11.12
Texas-Rio Grande Valley,31.0,-0.90,70.35,79.77,40.32,24.32,58.1,0.01,5.16,17.65,16.55,23.48,9.35,14.0
The Citadel,32.0,-2.91,70.62,71.53,40.16,25.59,55.69,0.01,6.16,18.75,13.28,18.81,9.38,12.03
Toledo,32.0,-2.09,80.0,76.12,40.31,28.75,60.19,0.01,6.47,17.19,16.03,21.25,9.94,10.69
Towson,34.0,-2.27,67.53,63.65,40.44,24.06,56.88,0.01,6.35,19.38,13.06,19.76,14.44,12.15
Troy,32.0,-3.17,79.56,70.66,40.62,26.84,60.94,0.01,8.62,24.59,17.25,23.53,13.34,13.78
Tulane,31.0,2.68,81.94,80.03,40.65,27.61,58.0,0.02,7.52,21.06,19.19,26.23,7.0,11.19
Tulsa,31.0,-1.00,75.0,73.87,40.48,25.13,57.26,0.01,7.71,23.58,17.03,23.13,8.71,13.0
UAB NCAA,35.0,3.73,77.46,75.06,40.57,26.77,59.57,0.01,6.14,18.8,17.77,23.83,12.89,11.6
UC Davis,33.0,-2.85,71.24,68.06,40.3,24.21,54.79,0.01,6.97,20.73,15.85,21.18,9.91,13.45
UC Irvine,34.0,-0.93,77.62,68.26,40.29,28.44,59.85,0.01,5.79,16.62,14.94,19.85,10.59,11.56
UC Riverside,34.0,-1.23,70.71,72.0,40.18,24.76,62.41,0.01,8.44,26.59,12.74,17.76,12.35,9.59
UC San Diego,33.0,-2.80,76.67,69.39,40.45,26.79,58.58,0.01,8.88,24.79,14.21,18.91,9.61,9.7
UC Santa Barbara,31.0,-3.01,75.39,73.55,40.32,26.65,54.32,0.02,6.03,16.74,16.06,21.84,8.13,13.06
UCF,33.0,8.17,71.7,67.94,40.15,24.76,58.94,0.01,6.82,21.15,15.36,21.91,12.36,12.52
UCLA,33.0,7.84,65.97,65.45,40.0,23.09,55.15,0.01,5.55,16.73,14.24,19.52,10.27,10.85
UNC Asheville,34.0,-2.99,78.88,73.09,40.44,26.65,57.35,0.01,8.15,22.32,17.44,23.5,9.38,11.85
UNC Greensboro,32.0,-2.90,75.69,69.78,40.31,27.03,58.69,0.01,10.06,25.38,11.56,15.84,9.97,10.91
UNC Wilmington,31.0,-2.90,79.39,71.03,40.65,27.84,60.35,0.01,8.32,23.9,15.39,20.26,10.65,8.58
UT Arlington,34.0,0.69,76.88,73.29,40.15,25.88,58.26,0.01,8.97,25.32,16.15,21.97,11.88,15.47
Utah,37.0,9.41,78.78,73.19,40.41,29.24,62.41,0.01,9.32,25.22,10.97,16.89,10.0,11.51
Utah State NCAA,35.0,5.29,79.66,71.34,40.57,28.54,58.17,0.01,6.46,19.37,16.11,22.37,9.49,11.0
Utah Tech,31.0,-1.18,70.77,77.06,40.32,24.87,55.61,0.01,6.48,19.23,14.55,22.55,9.9,15.97
Utah Valley,32.0,-0.03,68.72,68.59,40.31,25.03,57.84,0.01,4.81,16.88,13.84,20.47,10.47,12.34
UTEP,34.0,-1.30,72.65,69.06,40.29,25.26,56.53,0.01,5.71,17.91,16.41,23.79,10.62,14.71
UTSA,32.0,-0.71,77.59,80.97,40.62,26.16,63.75,0.01,9.72,28.81,15.56,21.91,13.09,11.25
Valparaiso,32.0,1.17,67.59,75.5,40.0,24.88,61.28,0.01,7.31,22.53,10.53,14.72,10.0,11.03
Vanderbilt,32.0,8.16,67.91,75.88,40.16,23.38,58.66,0.01,6.53,23.06,14.62,20.62,10.75,10.41
Vermont NCAA,35.0,-3.31,71.6,63.0,40.14,25.71,56.57,0.01,8.57,25.09,11.6,16.2,7.66,9.2
Villanova,34.0,9.82,70.24,65.62,40.88,24.29,57.21,0.01,9.26,27.44,12.38,15.32,8.47,9.62
Virginia NCAA,34.0,7.31,62.94,59.79,40.44,23.76,55.5,0.01,6.47,18.09,8.94,14.03,8.76,8.06
Virginia Commonwealth,38.0,4.41,70.97,66.68,40.26,23.84,54.18,0.01,8.47,23.97,14.82,18.97,9.03,12.16
VMI,32.0,-2.44,68.88,82.62,40.16,25.56,60.47,0.01,6.56,21.03,11.19,16.16,9.34,15.84
Virginia Tech,34.0,7.97,74.91,70.97,40.0,26.06,56.03,0.01,8.12,23.29,14.68,18.5,7.74,11.06
Wagner NCAA,33.0,-8.58,63.73,63.12,40.45,22.97,57.97,0.01,7.21,22.03,10.58,15.03,11.18,9.88
Wake Forest,35.0,7.52,78.09,70.66,40.29,27.66,58.34,0.01,7.94,21.83,14.83,18.66,8.46,10.71
Washington,32.0,8.38,80.59,77.12,40.78,29.09,61.88,0.01,8.06,22.75,14.34,19.88,9.41,11.69
Washington State NCAA,35.0,7.19,73.54,66.71,40.29,27.09,58.46,0.01,6.37,18.8,13.0,18.46,11.17,10.94
Weber State,32.0,-4.15,75.44,67.53,40.31,26.34,56.16,0.01,7.84,22.53,14.91,19.91,7.75,9.88
West Virginia,32.0,10.76,69.81,76.84,40.31,23.97,55.75,0.01,7.28,20.84,14.59,20.69,9.16,12.66
Western Carolina,32.0,-3.35,76.84,68.69,40.47,28.19,61.34,0.01,8.16,22.28,12.31,17.28,10.47,10.31
Western Illinois,33.0,-7.37,68.85,65.67,40.3,25.03,58.67,0.01,5.91,18.52,12.88,20.94,14.61,13.21
Western Kentucky NCAA,34.0,-2.91,80.24,74.44,40.03,29.29,62.88,0.01,6.85,20.18,14.79,20.56,10.62,13.82
Western Michigan,32.0,-3.79,71.28,74.88,40.47,25.88,59.75,0.01,7.91,23.34,11.62,18.59,12.56,13.38
Wichita State,34.0,3.20,72.79,73.06,40.29,27.5,61.5,0.01,6.47,19.41,11.32,16.24,11.65,12.32
William & Mary,33.0,-5.55,69.85,72.12,40.15,23.85,57.88,0.01,8.97,27.76,13.18,18.79,10.33,10.82
Winthrop,32.0,-3.42,77.34,71.47,40.94,25.56,55.09,0.01,7.44,21.78,18.78,26.75,10.66,12.97
Wisconsin NCAA,36.0,11.35,74.67,70.0,40.42,26.44,57.42,0.01,7.11,20.39,14.67,19.42,10.06,9.94
Wofford,32.0,-1.60,74.5,73.81,40.62,27.31,59.53,0.01,9.56,26.62,10.31,16.62,10.53,11.66
Wright State,32.0,-3.62,86.47,81.22,40.47,32.28,60.88,0.02,6.81,17.78,15.09,19.94,9.06,11.84
Wyoming,32.0,4.57,72.84,74.47,40.31,24.72,54.84,0.01,7.53,20.25,15.88,21.44,9.59,12.75
Xavier,34.0,11.03,75.85,74.65,40.0,27.15,62.24,0.01,6.82,19.94,14.74,19.76,11.79,11.65
Yale NCAA,33.0,0.41,74.7,67.45,40.61,27.85,59.67,0.01,7.3,20.82,11.7,16.55,9.88,9.58
Youngstown State,32.0,-5.11,81.19,70.91,40.31,29.09,64.5,0.01,8.81,27.25,14.19,18.41,12.78,11.03
